,host_name
0,Ryan
1,Ocean Island Garden Suites
2,Celia
3,Deborah
4,Peter
5,Sandra
6,Peter
7,Peter
8,Line Marie
9,Allison
10,Allison
11,Ann
12,Jennifer
13,Norm & Pam
14,Bobbie
15,Martin
16,Martin
17,A
18,Martin
19,Martin
20,Martin
21,Bobbie
22,Martin
23,Martin
24,Martin
25,Anna
26,Rhona
27,Martin
28,Teresa
29,Martin
30,Marcia
31,Martin
32,Martin
33,Alyssa
34,Gurpaul Singh
35,Josie
36,Pam
37,Dan & Naoko
38,Em
39,Gerri
40,Robbie
41,Nicole & Gilles
42,Line Marie
43,Helen
44,Martin
45,Ann
46,Jeannie
47,Sally
48,Martin
49,Jeanne Marie
50,Jeanne Marie
51,Dan & Naoko
52,Sue
53,Sue
54,Ocean Island Inn
55,Rita
56,Ocean Island Inn
57,Linda And Ken
58,Ocean Island Inn
59,Karen
60,Jon
61,Jocelyn
62,Jocelyn
63,Andrea
64,Agata
65,Erik
66,Maeva
67,Bradley Warren
68,Jordan
69,Gary
70,Kevin
71,John
72,Gail
73,Major
74,Michele
75,Brigitte
76,Bruce
77,Janis
78,Alexis
79,Frederick Joseph
80,Nicholas
81,Dave
82,Brenda
83,Laura
84,Farheen
85,Tania
86,Nancy
87,Andrew And Nancy
88,Victoria Executive Rental
89,Jill
90,Robin
91,Tanya
92,Ocean Island Inn
93,Ocean Island Inn
94,Gloria
95,Darren
96,Darren
97,Caroline
98,Mary Ellen
99,Ted
100,Annie
101,Melissa
102,Renate
103,Kim And Mike
104,Paphada And Dieter
105,Barbara
106,Paphada And Dieter
107,Celia
108,Martin
109,Anna
110,Paphada And Dieter
111,Port Renfrew Beach House
112,Lauren
113,Lauren
114,Jongsoon
115,Jason
116,Concetta
117,Joanne
118,Snow
119,Ted
120,Corinne
121,Victoria Executive Rental
122,Anita
123,Travis
124,Peter
125,Jordan
126,Cindy
127,Kelly
128,Kelley And Kent
129,Sarah
130,Yan Mei
131,Allen
132,Carley
133,Cindy
134,Tara
135,Robert
136,Chris
137,Joan
138,Anne Margarete
139,Mike
140,Brigitte
141,Lorie
142,Kate
143,Shannon
144,Marjorie
145,Lois
146,Meron
147,Michael Janzong
148,Kristen
149,Alan& Elizabeth
150,Jordan
151,Jordan
152,Ishbel
153,Jordan
154,Tess
155,Lesley
156,Andrew And Nancy
157,Eileen
158,Warren & Deb
159,Valentina
160,Karey
161,Lawrence
162,Adele
163,Sherri
164,Randy
165,Sarah And Kris
166,Anna
167,Robert
168,Victoria Executive Rental
169,Radie
170,Bethany
171,Radie
172,Gwen
173,Cynthia
174,Tasha
175,Ron
176,Candice & JS
177,Bruce
178,Toni
179,Kelly
180,Maria
181,Jill
182,Michael
183,Jennifer
184,Brent
185,Kristina
186,Fiona
187,Tracy
188,Marcia
189,Rita
190,Michael
191,Xinling
192,Judy
193,Jeffrey
194,Anna
195,Seonaid Usher
196,Tracy
197,Annie
198,Gary
199,Agata
200,Caryl
201,Handsome Dan Enterprises Inc.
202,Chris
203,Kim
204,Shannon
205,Michele
206,Carol
207,Athol  Brander
208,Jeanne Marie
209,Hugh
210,Kevin
211,Jill
212,Drew
213,Dauphin
214,Robert
215,Diane
216,Carol Ann
217,Diane
218,Diane
219,Karen
220,Moontide
221,Carol Ann
222,Chris
223,Paul
224,Rick
225,Amy
226,Paul
227,Debra
228,Mike
229,Judith
230,Jennifer And Jack
231,Jordan
232,Wendy
233,Peter
234,Glenn
235,Victoria Prime Services
236,Victoria Prime Services
237,Victoria Prime Services
238,Kurt
239,Ron
240,Victoria Prime Services
241,Heather
242,Melanie And Don
243,Ianine
244,Victoria Prime Services
245,Victoria Prime Services
246,Glen
247,Doug
248,Heutig
249,Wendy
250,Ginny
251,Glen
252,Glen
253,Simon
254,Keiran
255,Kirk
256,Shevaun
257,Shevaun
258,Anne
259,Burke & Meghan
260,Karen
261,Marguerite
262,Matt And Breanne
263,Alita Yvonne
264,Claire & Cody
265,Jason
266,Mona & Peter
267,Lorraine
268,Agata
269,Lily
270,Jody
271,Lee
272,Jen And Vohn
273,Kelly
274,"Karen...
."
275,Eliot
276,Shannon Holly
277,Paula
278,Dorothy-Ann
279,Lisa
280,Cheryl
281,Miles
282,Susie
283,Amber
284,Jan
285,Jan
286,Jan
287,Neil
288,Fred
289,Kristina
290,Kivaan
291,Pauline
292,Piotr And Ewa
293,Maureen
294,Carolyn
295,Molly
296,Chris And Dar
297,Tanya
298,Mary Ann
299,Rose-Marie
300,Carol
301,Tracey And Bill
302,Elite Vacation Homes
303,Elite Vacation Homes
304,Judy
305,Susan
306,Glenn
307,James
308,Jeanne
309,Frankie
310,Henny
311,Sophie
312,Valerie & Stephan
313,Jason
314,Anne-Marie
315,Rod
316,Maeve
317,Cindy
318,Jara
319,Artur
320,Ana
321,Jacquie
322,Karen
323,Alexandra
324,Mike
325,Maria Kali
326,Nancy
327,Dorothy
328,Carla
329,Natalie
330,Catherine
331,Dennis And Joan
332,Heidi
333,Leny
334,Dorrie
335,Deirdre
336,Annika
337,Rita
338,Jennifer
339,Jon
340,Susan
341,Beverley
342,Dorothy
343,Paul
344,Jon
345,Jon
346,Alana
347,Paula
348,Susan
349,Shannon
350,Ling
351,John
352,Doug
353,Dianne
354,Russell
355,Shanti And Don
356,Nav
357,Tony&Jade
358,Michael
359,Yichao
360,Laura
361,Chris
362,Lorie
363,Katherine Elizabeth
364,Moontide
365,Niki
366,Rich
367,Fraser
368,Gillian
369,Chris
370,Ling
371,Katie & Andy
372,George
373,Lorie
374,Carol
375,Tony&Jade
376,Kathy
377,Kathy
378,Mary And Dan
379,Amy
380,Deborra
381,Shannon
382,J+A
383,Kelly
384,Richard
385,Andrea
386,Cindy
387,Nikolas Sven
388,Roland & Maria
389,Elaine And Les
390,Dianne
391,Alistair
392,Julia
393,Jose
394,Dilwinder
395,Allen
396,Katrina
397,Richard
398,Ling
399,Martin
400,Derek
401,Sarah
402,Vashti
403,Beca
404,Liz
405,Sarah
406,Kaori
407,Sarah
408,Heather
409,Denise
410,Trish
411,Victoria Prime Services
412,Sidney
413,Logan
414,Christy
415,Jacqueline Ruth  (Jacky)
416,Gerry
417,Gerry
418,Ernie
419,Jose
420,Fernanda
421,Zenon
422,Michael
423,Sarah
424,Radie
425,Emily
426,Sandra Mae
427,Jo-Ann
428,Jordan
429,David & Christina
430,Ed
431,Stephanie And Rene
432,Loki & Kara
433,Grainne
434,Trudy
435,Richard
436,Mark
437,Barbara
438,Morgan
439,Jennifer
440,Jesse
441,Dave & Amanda
442,Sandy
443,Anne & John
444,Richard
445,Aaron
446,Barbara
447,Kathleen
448,Seymour
449,"Carolyn, Marlene And Kevin"
450,Tanya
451,Karen
452,Elise And Trevor
453,Gloria & Mark
454,Michael
455,Michael
456,Darren And Stephanie
457,Diane Louise
458,Barbara
459,Darren
460,Karen
461,Bob And Anna
462,Matthias
463,Colleen
464,Norm & Shena
465,Leah
466,Billie
467,Sonya
468,Jen
469,Laurel
470,Kelea & Gord
471,Karey
472,Amy
473,Grace
474,David
475,Michael
476,Rachel
477,Troy
478,Kirk
479,Jamey & Michael
480,Christina
481,Heather
482,Jennifer & Stephen
483,Joe
484,John & Patricia
485,Adam & Justine
486,Debra
487,Mark And Michelle
488,Tao
489,Laziza
490,Susie
491,Rick
492,Ira & Agata
493,James & Mo
494,Slim
495,Neal
496,Joe
497,Jayne
498,Jeanne
499,Laziza
500,Yvonne
501,Tylor
502,Tina
503,Marv
504,Santino
505,Sherry Louie
506,Kelly
507,Zhen Yu
508,Meddy
509,Andrea
510,Jo-Ann And Phil
511,Lisa
512,Jackie & Rodney
513,Janet
514,Ronald
515,Russl & Team
516,Irene
517,Francois
518,Sue
519,Andrew
520,Laziza
521,Victoria
522,Teresa
523,Ariel
524,Junyi
525,Debra
526,Chris
527,Lesley
528,Derek
529,Gabrielle
530,Meddy
531,Christine
532,Jordan
533,Sarella
534,Olga And Lawrence
535,Kyle
536,Gina
537,Sharon
538,Fiona
539,Laura
540,Kyle
541,Paul
542,Alex
543,Jennifer
544,Barbara
545,Calvin
546,Julian
547,Robin
548,Jack
549,Danielle
550,Jack
551,Amy
552,Bela
553,Chuan
554,Kyle
555,Lizzie
556,Elizabeth
557,Rosemary
558,Timothy
559,Sandeep
560,Chelsea
561,Dal
562,Dal
563,George
564,Carlene
565,Artur
566,Shael
567,Lipton
568,David Thomas
569,Lorie
570,Etienne
571,Avril
572,Chad
573,Oliver
574,Paul
575,Shaun
576,Soojin
577,Sabrina
578,Victoria & Christina
579,Margaret
580,Seewah & Tim
581,Aija
582,Sheryl
583,Jan
584,Kristen & Curtis
585,Dan
586,Tiziana
587,Jose
588,Celina
589,Lipton
590,Patti
591,Lipton
592,Lily
593,Wendy
594,Glen
595,Barbara
596,Alistair & Christina
597,Gail
598,Mark
599,Leya
600,Jelina Dorothy
601,Jelina Dorothy
602,Meddy
603,Tracey-Lee
604,Julie
605,Jason
606,Jody
607,Joanne
608,Christa
609,Elite Vacation Homes
610,Hardy
611,Laura
612,Mylene
613,Handsome Dan Enterprises Inc.
614,Kristian & Lindsay
615,Handsome Dan Enterprises Inc.
616,Tarita
617,Lauren & Dave
618,Handsome Dan Enterprises Inc.
619,Dave
620,Rene
621,Laura
622,John
623,Peter
624,Solo Suites
625,Jodi
626,Kaitlin
627,Donna
628,Logan
629,Brian
630,Neil
631,Marina
632,Donna
633,Kevin
634,Emr
635,Colleen
636,Bex
637,Aaron And Carole Blanche
638,Rob&Jen
639,Mike
640,Gayle
641,Myka
642,Myka
643,Ty And Haley
644,Julie
645,Gillian
646,Jodi
647,Karalyn
648,Kelly
649,John
650,Kian And Ava
651,Kian And Ava
652,Michael
653,Kian And Ava
654,Paul
655,Gaye Amy Patricia
656,Marc
657,Penny
658,Jelina Dorothy
659,Dorothy
660,Olga
661,Elite Vacation Homes
662,Keith
663,Solo Suites
664,Crystal
665,Solo Suites
666,Solo Suites
667,Solo Suites
668,Solo Suites
669,Solo Suites
670,Ajax
671,Ek
672,Frederick
673,Nancy
674,Lesley
675,Jelina Dorothy
676,Myka
677,Lesley
678,Travis
679,Remo
680,Shannon
681,Sandra
682,Kelsey
683,Melanie And John
684,Muriel
685,Jan
686,Jan
687,Solo Suites
688,Solo Suites
689,Mark
690,Chloaye & Chris
691,Christine
692,Gail
693,Samantha
694,Darren
695,Kim
696,Kelly
697,Jelina Dorothy
698,Jelina Dorothy
699,Lynda
700,Sairah And Franco
701,Susan
702,Christine
703,Jelina Dorothy
704,Diane
705,Joanne
706,Ksenia
707,Ty And Haley
708,Ping
709,Darren
710,Jen & Lance
711,Swans
712,Stephen Geoffrey
713,Jim & Jeannette
714,Christina
715,Ocean Island Inn
716,Terri
717,Susan
718,George
719,Amanda
720,Karen & Peter
721,Alicia
722,Jan
723,Jan
724,Ling
725,Ocean Island Inn
726,Ocean Island Inn
727,Ocean Island Garden Suites
728,Kenna
729,Vanessa
730,Harsimran
731,Susan
732,Kenna
733,John
734,Scott
735,Christine
736,Angus & Adriana
737,Dauphin
738,Michael
739,Kulvir
740,Lisa
741,Dan
742,Wendy
743,Hayleigh
744,Jemma
745,Becca
746,Moon
747,Ying
748,Jane
749,Lisa
750,Jacques
751,Dave & Amanda
752,Mauro
753,Flavia & Jim
754,Flavia & Jim
755,Barb
756,Gillian
757,Jennifer
758,Ian
759,Raina
760,Raina
761,Emily
762,Barbara
763,Raina
764,Raina
765,Jose
766,Jose
767,3 Legged
768,Kyle
769,Cyril
770,Carla
771,Jenny & Darren
772,Laura
773,Andrew
774,Kelly
775,Sandy
776,Susan
777,Kian And Ava
778,Diana
779,Rosemary
780,Lesley
781,Gerry
782,Jenny
783,Lisa
784,Frank
785,Glenn
786,Kerstin
787,Jodi
788,Lisa
789,Jessa
790,Michelle
791,Dave
792,Meg
793,Colleen
794,Renee
795,Debbie
796,Ali
797,Wendy
798,Kim & Jeff
799,Angela
800,Anke
801,Richard Wayne
802,Susan
803,Kirk
804,Doug
805,Melissa
806,Anthony
807,Debra
808,Marina
809,Brenda
810,Rob&Jen
811,Heather
812,Mary
813,Aija
814,Jenice
815,Zoë
816,Janice
817,Amanda
818,Graeme
819,Amarah
820,Rosemary
821,Amit
822,Kyle
823,Nicolas
824,Amber
825,Stacey
826,Wendy
827,Claradee
828,Diandra
829,Yves
830,Fiona
831,Christopher Robert
832,Paul
833,John
834,Carol Ann
835,Carol Ann
836,Carol Ann
837,Carol Ann
838,Carol Ann
839,Carol Ann
840,Liv
841,Jessica
842,Sanna
843,Lauren
844,Raina
845,Rebecca
846,Frederick Joseph
847,Veronica
848,Aaron
849,Barry
850,Grainne
851,Tracy
852,Tracey Lyn
853,Lea
854,Kim And Mike
855,Peter
856,Catherine
857,Sharon
858,Nicole Rachel
859,Anna
860,Patrick
861,Linda
862,Stephanie
863,Carol Ann
864,Samantha
865,Jacqueline Ruth  (Jacky)
866,Stuart
867,Nicolas
868,Deidre
869,Deidre
870,Diane
871,Alice
872,Matty & Diana
873,Bryan
874,Darlene
875,Yingsong
876,Yingsong
877,Peter & Jo-Lana
878,Leona
879,Marlena
880,Rob
881,Alice
882,Handsome Dan Enterprises Inc.
883,Tannis Marie
884,Mandy
885,Carol
886,Mandy
887,Donald
888,Lesley
889,Renee
890,Paul & Belle
891,Gloria
892,Deidre
893,Deidre
894,Deidre
895,Judy
896,Kip
897,Anthony
898,Jolyon
899,Debra
900,Jan
901,Jan
902,Jan
903,Kimberly
904,Laura Ann
905,Chelsea
906,William
907,Suzanne & Tom
908,Laura Dawn
909,Laurie
910,Annie
911,Laura Dawn
912,Stephen
913,Stephen
914,Ryan
915,Leanne
916,Nira
917,Rebecca
918,Katherine
919,James & Mo
920,Elite Vacation Homes
921,Kath
922,Colin
923,Judy
924,Malcolm
925,Yichao
926,Maitreyi And Eoghan
927,Heather
928,Brendan
929,Shangrila
930,Martyn & Marilyn
931,Carol Ann
932,Barb
933,Alex
934,Andy
935,Kinza
936,Cheryl
937,Scott
938,Youmin
939,Marly
940,Sunny And Annie
941,Thomas Nicholas
942,Glenn
943,Anna
944,Sharon
945,Jessie
946,Sheila
947,Michael
948,Brent & Thuy
949,Caroline
950,Shannon
951,Ken
952,Bryan
953,Elite Vacation Homes
954,Katelyn
955,Heather
956,Jennifer
957,Frederick Joseph
958,Tiger
959,Elizabeth
960,Debra
961,Caron
962,Alessandro Giuseppe Carlo
963,MaryLou
964,Jiseon
965,Mason Leonard
966,Harley
967,Matt
968,Michael
969,Doug
970,Marc & Kathy
971,Rob&Jen
972,Heather
973,Muriel
974,Alice
975,Rental
976,Mark
977,Doug
978,Joan
979,Kelly
980,Nicolas
981,Nicolas
982,Nicolas
983,Alice
984,Vadim
985,Heidi
986,Kip
987,Lorea
988,T
989,Dayna
990,Antal
991,Steven
992,Michelle
993,Robert Bruce
994,Lyn
995,Jason
996,Denise
997,Danielle
998,Rudra
999,Jacquie
1000,Marjorie & Mike
1001,Seonaid Usher
1002,Cory & Nicole
1003,Jennifer
1004,Julene
1005,Jessica
1006,Jessica
1007,Christina
1008,Curtis
1009,Yoshi
1010,Lynn
1011,Sean
1012,Trevor
1013,Greg
1014,Louis
1015,Gerry
1016,Ken
1017,Elite Vacation Homes
1018,Meghan
1019,Heather
1020,Connie
1021,Jeffrey
1022,Rebecca
1023,Ira & Agata
1024,Shevaun
1025,Meghan
1026,Suzanna
1027,Anthony
1028,Liv
1029,Kyle
1030,Kathy
1031,Kyle
1032,Sean
1033,Brian
1034,Lynette
1035,Dana
1036,Jillian Renee
1037,Fiona
1038,Elite Vacation Homes
1039,Jai
1040,Shannon
1041,Stefan
1042,Diane
1043,Eileen
1044,Aletta
1045,Andy
1046,Michael
1047,Hein
1048,Wayne
1049,Mireille
1050,Kim
1051,Romy
1052,Sandy
1053,Laura Dawn
1054,Sylvie
1055,Gloria
1056,Russel
1057,Corban
1058,Darcy
1059,David
1060,Maria Inés
1061,Golnaz
1062,Lindsay
1063,Janet Amanda
1064,Kip
1065,Pamela
1066,Elizabeth
1067,Zhu
1068,Martin
1069,Murray
1070,Stacey
1071,Ketan & Blanche
1072,Rose
1073,Lynda
1074,Olivia
1075,Kyle
1076,Maya
1077,Yashu
1078,Heather
1079,John
1080,Margaret
1081,Kevin
1082,Robin
1083,Anthony
1084,Krista
1085,Josianne
1086,Lori
1087,Arden
1088,Amber
1089,Laura
1090,Brandon
1091,Rob&Jen
1092,Chelsea
1093,Ross
1094,Steven
1095,Birgitte
1096,Nicolas
1097,Michelle
1098,Daniel
1099,Carol
1100,Elizabeth
1101,Leslie
1102,Sheenagh
1103,Kirk
1104,Adam
1105,Troy
1106,William
1107,Erin
1108,Bernadette
1109,Rob&Jen
1110,Extra Holidays®
1111,Heidi&Mina
1112,Jon & Dominika
1113,Barbara
1114,Susan
1115,Susan
1116,Retno
1117,Evelyn
1118,Cameron
1119,Andy
1120,Victoria Prime Services
1121,Andy
1122,Natalie
1123,Gianluca
1124,Beth
1125,Pam
1126,Jason
1127,Maureen
1128,Victoria Prime Services
1129,Lesley
1130,Lorraine
1131,Susanne
1132,Wayne
1133,John
1134,Marcie And Ryley
1135,Christian
1136,Birgitte
1137,John
1138,John
1139,Darren
1140,Hollie
1141,Stacey
1142,Xuekui
1143,Kira
1144,Judith
1145,Chris And Tiffany
1146,Cindy
1147,Ashley
1148,Michael
1149,Barbara
1150,April
1151,Sharon
1152,Wendy
1153,Heidy
1154,Joanne And Dean
1155,Mike
1156,Lauren
1157,Michael
1158,Lynda
1159,Handsome Dan Enterprises Inc.
1160,Farouk
1161,Lynda
1162,Laura Dawn
1163,Candace And Oliver
1164,Vicki
1165,Tatum
1166,Ashley
1167,Cyril
1168,David
1169,Sylvie
1170,Lynda
1171,Lynda
1172,Lynda
1173,Victoria Prime Services
1174,Vilupti
1175,Robin
1176,Blair & Debbie
1177,Denis And Anthonia
1178,Kim And Gerald
1179,Chris
1180,Susan
1181,Megan
1182,Stephen
1183,Laura Dawn
1184,Deidre
1185,Susan
1186,Alexander
1187,Nooshin
1188,Laura
1189,Handsome Dan Enterprises Inc.
1190,Handsome Dan Enterprises Inc.
1191,Lorraine
1192,Sheri
1193,Elite Vacation Homes
1194,Sherry Louie
1195,Blair
1196,Handsome Dan Enterprises Inc.
1197,Handsome Dan Enterprises Inc.
1198,Handsome Dan Enterprises Inc.
1199,Ronald Gordon
1200,Kip
1201,Amber & Shamess
1202,Kip
1203,Katherine
1204,Handsome Dan Enterprises Inc.
1205,Handsome Dan Enterprises Inc.
1206,Handsome Dan Enterprises Inc.
1207,Samuel
1208,John  Cameron
1209,Kaori
1210,Sean
1211,Francine
1212,Murphy
1213,Anne
1214,Renée
1215,Kelly
1216,Liam
1217,Bonnie
1218,Victoria Executive Rental
1219,Ines
1220,Kevin
1221,John
1222,Judy
1223,Alex
1224,Carina
1225,Abdel
1226,Keni & Greg
1227,Heather
1228,Jose
1229,Alexander
1230,Deanna
1231,Lynne
1232,Sarah
1233,Jan
1234,Jessica
1235,Olga
1236,Marisa
1237,Shevaun
1238,Dave
1239,Frederick Joseph
1240,Nicole Lee Kay
1241,Elite Vacation Homes
1242,Michelle
1243,Kyle
1244,Kirk
1245,Kelly Michelle
1246,Rob&Jen
1247,Helen
1248,Ray
1249,Susan
1250,Donna
1251,Donna
1252,Ronald
1253,Elizabeth
1254,Wendy
1255,Judy
1256,Carmen
1257,Alexandra
1258,Lynda
1259,Emr
1260,Josh
1261,Efrain
1262,Megan
1263,Laura Dawn
1264,Randall
1265,Gary
1266,Chris
1267,Lindsay And Ryan
1268,Rick & Tina
1269,Graham
1270,Laura Dawn
1271,Daeryong
1272,Kier
1273,Sean & Nadine
1274,Eric
1275,Ty And Haley
1276,Patrick
1277,Timothy
1278,Ocean Island Inn
1279,Jan
1280,Carly
1281,John
1282,Daeryong
1283,Daeryong
1284,Carol Ann
1285,Carol Ann
1286,Brenda
1287,Don
1288,Emr
1289,Emr
1290,Emr
1291,Emr
1292,Emr
1293,Don
1294,Jocelyn
1295,Jan
1296,Jayne
1297,Lenny
1298,Victoria Prime Services
1299,Victoria Prime Services
1300,Victoria Prime Services
1301,Trevor
1302,Christopher
1303,Lane
1304,David
1305,Victoria Prime Services
1306,Susan
1307,Fiona
1308,Gary
1309,Alexandre Rodol
1310,Zhu
1311,Ingrid
1312,Don
1313,Deidre
1314,Frank
1315,Lori
1316,Hilary
1317,Sapphira And Richard
1318,Shena
1319,Jan
1320,Jan
1321,Jan
1322,Jan
1323,Jan
1324,Jan
1325,Jan
1326,Jan
1327,Jan
1328,Jan
1329,Jan
1330,Jan
1331,Laura
1332,Steven
1333,Steven
1334,Steven
1335,Steven
1336,Steven
1337,Steven
1338,Steven
1339,Corey
1340,Kathryn
1341,Frank
1342,Steven
1343,Frank
1344,Ocean Island Inn
1345,Charlie
1346,Mark
1347,Liv
1348,Patrick
1349,Shane
1350,Liv
1351,Benz
1352,Carolyn
1353,Rachel
1354,Ruzhdi
1355,Catherine Maria
1356,Elissa
1357,Andy
1358,Laura Dawn
1359,Varun
1360,Robyn
1361,Gillian
1362,Lenny
1363,Michelle
1364,Robert
1365,Shirley
1366,Leigh Anne
1367,Yun Xia
1368,Lisa
1369,Shelley
1370,Taryn
1371,Michelle
1372,Teresa
1373,Wayne
1374,Jessica & Diego
1375,Jai
1376,Steve
1377,Jordan
1378,Connie
1379,Carol Ann
1380,Dan
1381,Victoria Prime Services
1382,Sharon
1383,Michelle
1384,Michelle
1385,Don
1386,Soojin
1387,Jongsoon
1388,Jason Mark
1389,Jill
1390,Aandarra
1391,Carol Ann
1392,Dennis And Laura
1393,Carol Ann
1394,Ashley
1395,Elite Vacation Homes
1396,Parm
1397,Logan
1398,Soojin
1399,Gail
1400,Lori
1401,Pamela
1402,Deb
1403,Jason
1404,Debbie
1405,Elite Vacation Homes
1406,Duncan
1407,Jenny And Curtis
1408,Zahra
1409,Daniel Anthony
1410,Candace
1411,Jay
1412,Leuntje
1413,Kevin
1414,Handsome Dan Enterprises Inc.
1415,Michele
1416,David
1417,Martin
1418,Kyle
1419,Trish
1420,Brandon
1421,Jessica
1422,Patrick
1423,Hye Joo
1424,Hyewon
1425,Maggie & Noah
1426,Doug
1427,Laura
1428,Thaddeus
1429,Sasha
1430,Estelle
1431,Shauna
1432,Liz
1433,Carol Ann
1434,Carol Ann
1435,Carol Ann
1436,Steven
1437,Steven
1438,Steven
1439,Steven
1440,Steven
1441,Steven
1442,Ruzhdi
1443,Steven
1444,Dustin
1445,Debi
1446,Robert
1447,Robert
1448,Robert
1449,Lori
1450,Jennifer
1451,Caroline
1452,Steve
1453,Jennifer
1454,Handsome Dan Enterprises Inc.
1455,France
1456,Logan
1457,Carol Ann
1458,Carol Ann
1459,Wendy Darlene
1460,Amy
1461,Michelle
1462,Truong
1463,Leuntje
1464,Leah
1465,Leo & Jasmine
1466,Daeryong
1467,Nannu
1468,Amber
1469,Troy
1470,Lucas
1471,Will And Tina
1472,Rasha
1473,Hye Joo
1474,Andrew
1475,Heidi
1476,Tim
1477,Michelle
1478,Kyle
1479,Jeff
1480,Mircea
1481,Michael
1482,Madison
1483,Elite Vacation Homes
1484,Jody
1485,Barbara
1486,Anna
1487,Luo
1488,Sarah And Josh
1489,Dave
1490,Victoria Prime Services
1491,Rhonda
1492,Amy
1493,Gina
1494,Abhi And Monika
1495,Abhi And Monika
1496,Abhi And Monika
1497,Abhi And Monika
1498,Holly Su Ying
1499,Jerzy
1500,Ty And Haley
1501,Tyanne
1502,Laura
1503,Debbie
1504,涛
1505,Monique
1506,Ocean Island Inn
1507,Frederick Joseph
1508,Elite Vacation Homes
1509,Gillian
1510,Robert
1511,Jessica
1512,Tyanne
1513,Wayne
1514,Jody
1515,Brandy
1516,Sarah
1517,Victoria Prime Services
1518,Georgia
1519,Amanda
1520,Lorna
1521,Ocean Island Inn
1522,Megan
1523,Brock
1524,Swell West
1525,Miranda
1526,Laura Dawn
1527,Elite Vacation Homes
1528,Don
1529,Jennifer
1530,Rob&Jen
1531,Ocean Island Inn
1532,Josh
1533,Grace
1534,Tim
1535,Leona Patricia
1536,Frederick Joseph
1537,Handsome Dan Enterprises Inc.
1538,Nadia
1539,Nadia
1540,Laura
1541,Jason Mark
1542,Tracey
1543,Artur
1544,Robyn
1545,Shayla
1546,Troy
1547,Kevin Karl Joseph
1548,Elite Vacation Homes
1549,Scott
1550,Tom
1551,Kelly
1552,Michelle
1553,Liv
1554,Budd
1555,Otter Shores
1556,Otter Shores
1557,Rahul
1558,Mike
1559,Danielle
1560,Julie
1561,Christa
1562,Lesley
1563,Melinda
1564,Miles
1565,Julie
1566,Isabelle
1567,Heather
1568,Zinnia
1569,Otter Shores
1570,Tertia Maclean
1571,Dashwood Manor
1572,Dashwood Manor
1573,Wendy
1574,Laura Dawn
1575,Sarah
1576,Aileen
1577,Katrina
1578,Katrina
1579,Dashwood Manor
1580,Dashwood Manor
1581,Dashwood Manor
1582,Dashwood Manor
1583,Victoria Prime Services
1584,Victoria Prime Services
1585,Dashwood Manor
1586,Janine
1587,Faye
1588,Dashwood Manor
1589,Diane
1590,Dashwood Manor
1591,Dashwood Manor
1592,Dashwood Manor
1593,Sigal
1594,Annie
1595,Steve And Sarah
1596,Sandy
1597,Matt
1598,Yu Shan
1599,Nicky & Rob
1600,Christopher
1601,Aimee
1602,Paul & Nadia
1603,James & Mo
1604,Desmond
1605,Rebecca
1606,Liz
1607,Ocean Island Garden Suites
1608,Stuart
1609,Yashar
1610,Otter Shores
1611,Christy
1612,Drew And Dawn
1613,Agnes
1614,Rebecca
1615,Sydney
1616,Margaret
1617,Lipton
1618,Svetlana
1619,Val
1620,Diane
1621,Jenny And Curtis
1622,Andrew
1623,Adam
1624,Andrew
1625,Andrew
1626,Andrew
1627,Andrew
1628,Kim
1629,Chloé
1630,Catherine Maria
1631,Holly Su Ying
1632,Robyn & Chad
1633,Ara
1634,Andrew
1635,Anna
1636,Andrew
1637,Axel
1638,Jenny
1639,Victoria Prime Services
1640,Axel
1641,Axel
1642,Axel
1643,Nancy And Aaron
1644,Gleb
1645,Jamie
1646,Abhi & Neha
1647,Otter Shores
1648,Jeremy
1649,Rob
1650,Maddison
1651,John
1652,Elite Vacation Homes
1653,Chris
1654,Sarah
1655,Tanya
1656,Otter Shores
1657,Steve And Sarah
1658,Drew And Dawn
1659,JuwJuw
1660,Kelly
1661,Dominicus
1662,Steven
1663,Meredith
1664,Frederick Joseph
1665,David
1666,True Key
1667,Timothy
1668,Autumn
1669,Joann
1670,John
1671,Bettyanne
1672,Reda
1673,Ben
1674,Karen
1675,Linda
1676,Jie
1677,Michael
1678,Michael
1679,Angela & Michael
1680,Darlene
1681,Zach
1682,Peter
1683,Meghan
1684,Frederick Joseph
1685,Victoria Prime Services
1686,Budd
1687,Budd
1688,Chinna
1689,Marjorie & Mike
1690,Brooke
1691,True Key
1692,Kelly
1693,True Key
1694,True Key
1695,True Key
1696,True Key
1697,True Key
1698,True Key
1699,Shannon
1700,Syamkumar
1701,Elite Vacation Homes
1702,Nicky & Rob
1703,Hilary
1704,Frederick Joseph
1705,Miriam
1706,Alexandre
1707,Georgia & Matt
1708,Jeri
1709,Ramona
1710,Badreddine
1711,Leah
1712,Clara
1713,David
1714,Paul + Tammy
1715,Lindsay
1716,Aaron
1717,Nancy
1718,David
1719,Stay Port Renfrew
1720,Elite Vacation Homes
1721,Antony
1722,Don
1723,Varinder
1724,Aaron
1725,Alexandre
1726,Jill
1727,Alexandre
1728,Alexandre
1729,Alexander
1730,Kadrije
1731,John
1732,Patrick
1733,Hye Joo
1734,Courtney & Tricia
1735,Vittoria
1736,Lynnette
1737,Henson
1738,Qian
1739,Deb
1740,Victoria
1741,Sean
1742,Greg
1743,Janis
1744,Ashley
1745,Leslie
1746,Donald
1747,Greg
1748,Angela
1749,Melodie
1750,Melodie
1751,Julie
1752,Deandra
1753,Julia
1754,Lorie
1755,Suzana
1756,Dan
1757,Clara
1758,Francois
1759,Tiffany
1760,Frederick Joseph
1761,Ann
1762,Francois
1763,Francois
1764,Hua
1765,Rick & Tina
1766,Kadrije
1767,Colin
1768,Alex
1769,Dale
1770,Corinne
1771,Kadrije
1772,Kristopher
1773,Laura Dawn
1774,Kayleigh
1775,Kevin
1776,Kevin
1777,Terri
1778,Laura
1779,Lorie
1780,Frederick Joseph
1781,Luke
1782,Clay & Julia
1783,Michael
1784,Stacey
1785,Holly Su Ying
1786,Julissa
1787,Ashley
1788,Aletta
1789,Alyssa
1790,Wayne
1791,Lesley
1792,Barbara
1793,Tammie-Lynn
1794,York And Donna
1795,Melanie
1796,Kelsey
1797,Jimena
1798,Jimena
1799,Jimena
1800,Elite Vacation Homes
1801,Laura Dawn
1802,Gail
1803,Rob
1804,Dane
1805,Casey
1806,Sarah
1807,Julia
1808,Alison
1809,Clay
1810,Jordan
1811,Christopher
1812,Elite Vacation Homes
1813,Peter
1814,Victoria
1815,Sherry
1816,Brette
1817,Deidre
1818,David
1819,Daniel
1820,Mairet
1821,Mairet
1822,Darcy
1823,Bill
1824,Sharon
1825,Angeline
1826,Jesse
1827,Victoria Prime Services
1828,Dinosaurs R
1829,Kate
1830,Cindy
1831,Lesley
1832,William Garth
1833,Dominick
1834,Peter
1835,Amanda
1836,Matty & Diana
1837,Sydney
1838,Tania
1839,Laura Dawn
1840,Kelly
1841,Irina
1842,Angela
1843,Susan And James
1844,Olivia
1845,Sarah
1846,Vivien
1847,Irina
1848,Victoria Executive Rental
1849,Irina
1850,Foster
1851,Heidy
1852,Rini
1853,Irina
1854,Beatrice
1855,Patrick
1856,Jay And Jennifer
1857,Claire
1858,Tj
1859,Olga
1860,Victoria Executive Rental
1861,Deidre
1862,Kevin
1863,Khanh
1864,Vernisa
1865,Mary
1866,Handsome Dan Enterprises Inc.
1867,Bryan
1868,Nicole & James
1869,Meghan
1870,George
1871,Yu
1872,Sohail
1873,Suzana
1874,Suzana
1875,Suzana
1876,Laura Dawn
1877,Stay Port Renfrew
1878,Sarah
1879,Lesley
1880,Tj
1881,Laura
1882,Mark And Michelle
1883,Michaela
1884,Max
1885,Rebecca
1886,Marina
1887,Jane
1888,Susan
1889,Kim
1890,Asha And Vinay
1891,Sofia
1892,Krista
1893,Rob&Jen
1894,Timothy
1895,Michael
1896,Joan
1897,Shannon
1898,Luke
1899,Elite Vacation Homes
1900,Vanessa
1901,Trisha
1902,Jen
1903,Dustin
1904,Keiran
1905,Emma
1906,Na
1907,Stay Port Renfrew
1908,Shannon
1909,Rebecca
1910,Jeremiah
1911,Elysse
1912,Elite Vacation Homes
1913,Shannon
1914,Erin
1915,Sha
1916,Julie
1917,Jennifer
1918,Dianne
1919,Xiumei
1920,Jackie
1921,Shannon
1922,Colin
1923,Ian
1924,Asha And Vinay
1925,Holly Su Ying
1926,Ryan
1927,Tongqi
1928,Joanie
1929,Jena
1930,Emma
1931,Sohail
1932,Miriam
1933,Shannon
1934,Jennifer
1935,Georgia
1936,Ying
1937,Lesley
1938,Ruby
1939,John
1940,Alexander Sean
1941,Beni
1942,Donna
1943,Stay Port Renfrew
1944,David
1945,Brendan
1946,Barbara
1947,Erin
1948,Katie
1949,Zoë And Jason
1950,Zoë And Jason
1951,Melissa
1952,Brenda
1953,Robert
1954,Robert
1955,Derek
1956,Bonnie
1957,Thomas
1958,Derek
1959,Karey
1960,Tanya
1961,Stacey
1962,Jennifer
1963,Chad
1964,Anna
1965,Bridgette
1966,Susanne
1967,Rini
1968,Kaleigh
1969,Henson
1970,Corinne
1971,Victoria Executive Rental
1972,Marc Anton
1973,Elite Vacation Homes
1974,Elite Vacation Homes
1975,Matthew And Vanessa
1976,Sarah
1977,Ashley
1978,Sandra
1979,Alexandre
1980,Alexandre
1981,Gord
1982,Yu
1983,Drew
1984,Lizzy
1985,Margaret
1986,Jim
1987,Gregory
1988,Emma
1989,Suzana
1990,Jim
1991,Jeff
1992,Sharon
1993,Brad
1994,Julie
1995,Dustin
1996,Alexander
1997,Isabelle
1998,Monica
1999,Victoria Concierge
2000,Leah
2001,Laura Dawn
2002,Lesley
2003,Laura
2004,Reza
2005,Kailee
2006,Salish
2007,Lesley
2008,Kirsten
2009,Iris
2010,Jenna
2011,Alexander
2012,Callayna
2013,Colby
2014,Heidi
2015,Luis Raul
2016,Victoria Executive Rental
2017,Kimberley
2018,Kiran Raj
2019,Jamie
2020,James
2021,Michael And Eric
2022,Anna
2023,Sherin
2024,Birgit
2025,Haiyang
2026,Andria
2027,Sarah And Bob
2028,Heiko
2029,Jessica
2030,Leoz
2031,Miriam
2032,Wendy
2033,Angela & Michael
2034,Jennifer
2035,Colleen
2036,Ariel & Steve
2037,Lindsay
2038,JuwJuw
2039,Natalie
2040,Jie
2041,Don
2042,Shawn
2043,Peter
2044,Julie
2045,Riley
2046,Vik
2047,Chantal
2048,Nehat
2049,Bill
2050,Don
2051,Will
2052,Dustin
2053,Danielle
2054,Paul
2055,Rachel
2056,Stay Port Renfrew
2057,Andrea
2058,Drea
2059,Megan
2060,Jesse
2061,Marisela & Paul
2062,Don
2063,Megan
2064,Don
2065,Don
2066,Jessica
2067,Tongqi
2068,Richard And Rebecca
2069,John
2070,David
2071,Andrea
2072,Eunice
2073,Janet
2074,Mylene
2075,Sarah
2076,Clara
2077,Marlisa
2078,Roman
2079,Rob&Jen
2080,Laura Dawn
2081,Suzanne
2082,Jessica
2083,Ying
2084,Michelle
2085,Emr
2086,Emr
2087,Victoria Prime Services
2088,Maureen
2089,Joel
2090,Damian
2091,Korik
2092,Jesse
2093,Scott
2094,Sasha
2095,Allison Marie
2096,Anna
2097,Ryan
2098,Luen
2099,Ingeborg
2100,Fernanda
2101,Holly Su Ying
2102,Chelsea
2103,Victoria Prime Services
2104,Kevin Karl Joseph
2105,Soojin
2106,Carol
2107,Subjit
2108,Jack
2109,Allison
2110,Lesley
2111,David
2112,Reesa
2113,Neil
2114,Natalya
2115,Megan
2116,Melissa
2117,Callah
2118,Darcy
2119,Peter
2120,Jane
2121,Michael
2122,Joan
2123,Cayla
2124,Farzin
2125,Robin
2126,Alexander
2127,Andy
2128,Lisa
2129,Lisa
2130,Sue & Jenny
2131,Judy
2132,Amy
2133,Tianna
2134,Thamyres
2135,Carlea
2136,Evan
2137,Tim
2138,Anne-Maree
2139,Leah
2140,Natalya
2141,Laura
2142,Jess
2143,Sharon
2144,Lei
2145,Jerry
2146,Victoria Prime Services
2147,Maia
2148,Alexander
2149,Cary
2150,Clint
2151,Dianne
2152,Tanya
2153,David
2154,Mandee
2155,Faye
2156,Jiva
2157,Gary
2158,Cindy
2159,Chris
2160,Salt Spring Centre
2161,Salt Spring Centre
2162,Salt Spring Centre
2163,Joseph And Marci
2164,Cole
2165,Salt Spring Centre
2166,Salt Spring Centre
2167,Leah
2168,Alexander
2169,Liisa
2170,Jennifer
2171,Gary
2172,Laura
2173,Samantha
2174,Tiffany
2175,Michaela
2176,Brooke
2177,Douglas
2178,Valerie
2179,Ethan
2180,Liza
2181,Rupi
2182,Michael
2183,Tammy
2184,Amber And Dave
2185,Brendon
2186,Evolve
2187,Tiffany
2188,Tiffany
2189,Jon And Nicole
2190,Kristopher
2191,Kathryn
2192,Alejandra
2193,Shawn
2194,Evan
2195,Amber And Dave
2196,Freyja
2197,Andree
2198,Mariya
2199,Marly
2200,Laura Dawn
2201,Amy
2202,Marina
2203,Roman
2204,Divya
2205,Xiaozhi
2206,Laura
2207,Rui
2208,Sabina
2209,Kim
2210,Katrin Gutta
2211,Martin
2212,Surinder
2213,Margaret
2214,Sjoukje
2215,Rob&Jen
2216,Amber And Dave
2217,Rudi
2218,Ryanna
2219,Nicole
2220,Adrien
2221,Helen
2222,Aferdita
2223,Brianna
2224,Greg
2225,Abraheam
2226,Jeffrey
2227,Dm
2228,Kiersten
2229,Amanda
2230,Andrea
2231,Marlisa
2232,John
2233,Bowen
2234,Marko
2235,Abhishek
2236,Stacey
2237,Stacey
2238,Hye Joo
2239,Sharyn
2240,Alice
2241,Dan
2242,Genifer
2243,Rebecca
2244,Laura Dawn
2245,Huong
2246,Lucia
2247,Daniel
2248,Colin
2249,Jamie
2250,Amy
2251,Moon
2252,Liz
2253,Michelle
2254,Sonya
2255,Pamela
2256,Pat
2257,Noelle
2258,John
2259,Alexander
2260,Holly Su Ying
2261,Elite Vacation Homes
2262,Angela
2263,Caley
2264,Sonya
2265,Babak
2266,Tara
2267,Gwen
2268,Cindy
2269,Camila
2270,Neil
2271,Laura Dawn
2272,Christine
2273,Lori
2274,Wayne
2275,Deidre
2276,Hye Joo
2277,Adam
2278,Julie
2279,Elite Vacation Homes
2280,Rosita
2281,Laura
2282,Shael
2283,Jennifer
2284,Bonnie
2285,Elite Vacation Homes
2286,Laura Dawn
2287,Heather
2288,Gord
2289,Janelle
2290,Dori
2291,Kelly
2292,Hye Joo
2293,Hye Joo
2294,Hye Joo
2295,Yatawee
2296,Ray
2297,Christina
2298,Tongqi
2299,Meil
2300,George
2301,Adil
2302,Louise
2303,Andrea
2304,Emr
2305,Mary Ellen
2306,Lesley
2307,Gurdeesh Pal
2308,Jane
2309,Amara
2310,Luc
2311,Al
2312,Patti And Dave
2313,Salt Spring Centre
2314,Samantha
2315,Carol Ann
2316,Paul
2317,Madeleine
2318,Victoria Prime Services
2319,Cory
2320,Skye
2321,Sunita
2322,Tess
2323,Pete
2324,Joanie
2325,Zhiwei
2326,Zoa
2327,Jenna
2328,Triana
2329,Ken And Rhona
2330,Lihua
2331,Janusz
2332,Jane
2333,Dallin
2334,Iqbal
2335,Douglas
2336,Liza
2337,Elite Vacation Homes
2338,Marilyn
2339,Josie
2340,Ella
2341,Kathleen
2342,Nancy
2343,Mark
2344,Laura
2345,Race
2346,Shapoor
2347,Lauren
2348,Tolu & Kim
2349,Yao
2350,Fred
2351,Elite Vacation Homes
2352,Miriam
2353,Liam
2354,Eswar Chandra Sagar
2355,Zoë And Jason
2356,Zainab
2357,Jacalyn
2358,Jen
2359,Rosa
2360,Alannah
2361,Chelsea
2362,Janine
2363,Richard
2364,Deborah
2365,Laura Dawn
2366,Jacqui
2367,Joshua
2368,Louise
2369,Clyde
2370,Daniel
2371,James And Gemma
2372,Timothy
2373,Alexandre
2374,Dyan
2375,Joshua
2376,Kathryn And Stephen
2377,Sabina
2378,Don
2379,Kip
2380,Satnam
2381,Michelle
2382,Roderick
2383,Roderick
2384,Amy
2385,Alison
2386,Susanna
2387,Rhonda
2388,Laurel
2389,J
2390,Cherry
2391,Amy
2392,Sue
2393,Sue
2394,Hamidreza
2395,Coral
2396,Don
2397,Don
2398,Pamela
2399,Lis
2400,Melissa
2401,Javas
2402,Mimi
2403,Hamidreza
2404,Elite Vacation Homes
2405,Lourdu
2406,Sara And Bogdan
2407,Don
2408,Ross
2409,Candace
2410,Alexandre
2411,Susanne
2412,Vicki
2413,Antonia
2414,Leia
2415,Ben
2416,Adriane
2417,Don
2418,Denis
2419,Debra
2420,Xin
2421,Victoria Prime Services
2422,Rebecca
2423,Johanne
2424,James
2425,Yan Mei
2426,Samantha
2427,Christine
2428,Helen
2429,Shania
2430,Chris
2431,Salt Spring Centre
2432,Salt Spring Centre
2433,Salt Spring Centre
2434,Loren
2435,Cherry
2436,Amy
2437,Amy
2438,Ingrid
2439,Manon
2440,Tanya
2441,Erica
2442,Neil
2443,Darcie
2444,Bruce
2445,Lindsay
2446,Simrin
2447,Aygul
2448,Matt
2449,Kyle
2450,Cornelius
2451,Ioana
2452,Yamini
2453,Joshua Daniel Hearn
2454,Yvette
2455,Laura
2456,Kim
2457,Evergreen Hospitality
2458,Evergreen Hospitality
2459,Evergreen Hospitality
2460,Evergreen Hospitality
2461,Evergreen Hospitality
2462,Evergreen Hospitality
2463,Yongjin
2464,Yan Mei
2465,Kwan Yin
2466,Elite Vacation Homes
2467,Alan
2468,Duane And Terry
2469,Charles
2470,Lesley
2471,Yuan
2472,Andrea
2473,Heidi
2474,Logan
2475,Emr
2476,Jake
2477,David
2478,Genelle
2479,Elite Vacation Homes
2480,Artur
2481,Ingrid
2482,Anne-Maree
2483,Colin
2484,Kris And Delaney
2485,Tracey
2486,Ben
2487,Brad
2488,Kristine
2489,Heather
2490,Jose
2491,Maureen
2492,Christina
2493,Victoria Prime Services
2494,Yun
2495,Guy
2496,Peter
2497,Julie
2498,Susanne
2499,Raymond
2500,Jennifer
2501,Abhi And Monika
2502,Kim
2503,Gopal
2504,Jacquiline
2505,Katharine
2506,Mona
2507,Amanda
2508,Nseabasi
2509,Susan
2510,Renate
2511,Rong Hui
2512,Jodie
2513,Dave
2514,Priyani
2515,Dave And Em
2516,Laurel
2517,Adrian
2518,Laura Dawn
2519,Ravinder
2520,Dixie
2521,Diane
2522,Glenys
2523,Amy & Josh
2524,Christina
2525,Kirsten
2526,Matthew
2527,Gary
2528,Heutig
2529,Ying
2530,Arthur
2531,Anna
2532,"Vincent,Michelle,Liam"
2533,Kaitlin
2534,Catherine
2535,Robert
2536,Jeremy
2537,Falyn
2538,Matt
2539,Mike
2540,Leah
2541,Linda
2542,Tania
2543,Taylor
2544,Karen
2545,Dallas
2546,Carol
2547,Yamini
2548,Francina
2549,Nicole
2550,Jason
2551,Lynn
2552,Bernadetta
2553,Juraj
2554,Babak
2555,Tom & Veronica
2556,Adrian
2557,Theodora
2558,Don
2559,Greg
2560,Niko
2561,Erika
2562,Gina
2563,Rob&Jen
2564,Gigi
2565,Syed
2566,Megan
2567,Thyren
2568,Sara
2569,Alyssa
2570,Mary
2571,Handsome Dan Enterprises Inc.
2572,Scott
2573,Miriam
2574,Andrea
2575,David
2576,Stephanie
2577,Handsome Dan Enterprises Inc.
2578,Jennifer
2579,Anthea & Fernando
2580,Ian
2581,Ibrahim Hassan
2582,Ian
2583,Don
2584,Matilda
2585,Colin
2586,Evan
2587,Jodi
2588,Elite Vacation Homes
2589,Steve
2590,Michelle
2591,Colin
2592,Michael
2593,Salt Spring Centre
2594,Nina
2595,Salt Spring Centre
2596,Leland
2597,Erik
2598,Terry
2599,Yue
2600,Eric
2601,Jonathan
2602,Mike
2603,Evergreen Hospitality
2604,Evergreen Hospitality
2605,Evergreen Hospitality
2606,Evergreen Hospitality
2607,Sean
2608,Jessica
2609,Megan
2610,Kat
2611,Najda
2612,Victoria Prime Services
2613,Evergreen Hospitality
2614,Evergreen Hospitality
2615,Evergreen Hospitality
2616,Evergreen Hospitality
2617,Robin Elizabeth
2618,Stephan
2619,Sheila
2620,Valerie
2621,Russell
2622,Rebekka
2623,Emr
2624,Shelley
2625,Benjamin
2626,Lorraine
2627,Heidi
2628,Elite Vacation Homes
2629,Dustin & Emily
2630,Raina
2631,Angela
2632,Lynn
2633,Teddy
2634,Cavan
2635,Heidi
2636,Joshua
2637,Tara
2638,Tracey
2639,Eben
2640,John
2641,Ani
2642,Bryan
2643,Gloria
2644,Betty
2645,Sina
2646,Michelle
2647,Bramwell
2648,Tharanga
2649,Bob & Lee
2650,Aimee
2651,Matthew
2652,Eliza
2653,Suesana
2654,Marcia
2655,Matthew James
2656,Sarah
2657,Golnaz
2658,Warren
2659,Deidre
2660,Jennifer
2661,Ben
2662,Kathleen
2663,Caroline
2664,Ben
2665,Geoff
2666,Patrick
2667,Josephine
2668,Jacqueline
2669,Kavan
2670,Natalie
2671,Chanda
2672,Cole
2673,Tory
2674,Cole
2675,Cole
2676,Jen
2677,Kenneth David Thomas
2678,Kenneth David Thomas
2679,Lisa
2680,Handsome Dan Enterprises Inc.
2681,Deborah
2682,Stephanie
2683,Rob&Jen
2684,Elena
2685,Rainha
2686,Anne Karen
2687,Min Biao
2688,Marie Soleil
2689,Anne
2690,Carol
2691,Rob
2692,Rebecca
2693,Min Biao
2694,Romy
2695,Candice
2696,Alina
2697,Steffany
2698,Derek
2699,Garrett
2700,Neah
2701,Maggie
2702,Treena
2703,Amber And Dave
2704,虎哥爱旅游
2705,Sara
2706,Ash
2707,Gareth
2708,Angela
2709,Catherine
2710,Judith
2711,Lesley
2712,Tobin
2713,Gordy
2714,Leah
2715,Zainab
2716,Xiao
2717,Jonathan
2718,Kaleesha
2719,Wen-Chan
2720,Jennifer
2721,Jeremy
2722,Peggy
2723,Matt
2724,Maria
2725,Julia
2726,Rodolfo
2727,Amy & Josh
2728,Gordon
2729,Tongqi
2730,Jon  And Caralyn
2731,Jennifer
2732,Michelle
2733,Michelle
2734,Michelle
2735,Subjit
2736,Charlie And Sheh
2737,Rong Hui
2738,Guiming
2739,Yang
2740,Michele
2741,Kip
2742,Ryefield & Mayuko
2743,Amanda
2744,Hannah
2745,Lesley
2746,Dina
2747,Don
2748,Anthony
2749,Mason
2750,Jon  And Caralyn
2751,Marjorie & Mike
2752,Mukesh
2753,Toby
2754,Ovi
2755,Yingsong
2756,Miranda
2757,Xiao
2758,Lisa
2759,Lisa
2760,Lisa
2761,Lisa
2762,Sunmi
2763,Lisa
2764,Glynis
2765,Carol Ann
2766,Wendy
2767,Heidi
2768,Dana
2769,Robert
2770,Bryan
2771,Suseela
2772,Kyle
2773,Darryl
2774,Stefan
2775,Chelsea
2776,Olga
2777,Alan & Michelle
2778,Marly
2779,Ed
2780,John
2781,Jamaica
2782,Michelle
2783,Mark
2784,Tanya
2785,Ildiko
2786,Min Kyung
2787,Kevin
2788,Danica
2789,Brittany
2790,Heidi
2791,Lucina
2792,Justine And Robert
2793,Min Kyung
2794,Maryanne
2795,Ketong
2796,Lori
2797,Victoria Prime Services
2798,Leah
2799,Stephanie
2800,Wayne
2801,Rick
2802,Kyle
2803,Sheena
2804,Danny
2805,Andrew
2806,Matthew
2807,Matthew
2808,Ab
2809,Sara
2810,Rachel
2811,Lisa
2812,Varinderdeep
2813,Rob&Jen
2814,Jocelyn
2815,Shael
2816,Drew
2817,Wenzong
2818,Xiaowei
2819,Xiaowei
2820,Victor
2821,Amanda
2822,Bonita
2823,Catherine
2824,Cassandra
2825,Gyllian
2826,Adam
2827,Nancy
2828,Curtis
2829,Michelle
2830,Jean-Sébastien
2831,Tobin
2832,Xiaowei
2833,Handsome Dan Enterprises Inc.
2834,Bruce
2835,Handsome Dan Enterprises Inc.
2836,Bruce
2837,Handsome Dan Enterprises Inc.
2838,Bruce
2839,Handsome Dan Enterprises Inc.
2840,Christina
2841,Kyle
2842,Jean-Sébastien
2843,Anouscha
2844,Alexandra
2845,Lesley
2846,Xuan Hoang
2847,Jennifer
2848,Genc
2849,Clara
2850,Victoria
2851,Corrie
2852,Abhi And Monika
2853,Vicky
2854,Marguerite
2855,Deidre
2856,Don
2857,Lesley
2858,Michelle
2859,Zhu
2860,Kyle
2861,Kyle
2862,Marguerite
2863,Mark
2864,Matt And Lina
2865,Gordana
2866,Kaitlyn
2867,Kevin & Aline
2868,Andy
2869,Patrick
2870,Marguerite
2871,Patrick
2872,Aj
2873,Carol Ann
2874,Sophie
2875,Ines
2876,Kyle
2877,Elite Vacation Homes
2878,Michelle
2879,Michelle
2880,Sarah
2881,Bi Rong
2882,Brian
2883,Jessica Anne
2884,Alisha
2885,Benjamin
2886,Carol Ann
2887,Joseph
2888,Emr
2889,Laura Dawn
2890,Yonghong
2891,Gordy
2892,Janine Karen
2893,Issac
2894,Manoj
2895,Penny
2896,Christine
2897,Bill
2898,Bodega
2899,Tongqi
2900,Jasmine
2901,Aaron
2902,Terence
2903,Bodega
2904,Bodega
2905,Maureen
2906,Ann
2907,Tobin
2908,Bryan
2909,Maureen
2910,Carol
2911,Laura Dawn
2912,Laura Dawn
2913,Bill
2914,Emma
2915,Tatiana
2916,Chantelle
2917,Shiona
2918,Bodega
2919,Satnam
2920,Akin
2921,Grace
2922,Laura
2923,Jeff
2924,Lenka
2925,Laura
2926,Bowen
2927,Gabriel
2928,Suzanne
2929,Irina
2930,Heather
2931,Subjit
2932,Annette
2933,Marlese
2934,Ann
2935,Alexa
2936,Luke
2937,Xiaohong
2938,Greg
2939,Guiling
2940,Anja
2941,Cary
2942,Aletta
2943,Nidal
2944,Scott And Jennifer
2945,Cindy
2946,Lisa
2947,Michael Ronan
2948,Ewelina Anna
2949,Renee
2950,Handsome Dan Enterprises Inc.
2951,Bikramjit Singh
2952,Tanya
2953,Michelle
2954,Tanya
2955,Gillian
2956,Handsome Dan Enterprises Inc.
2957,Handsome Dan Enterprises Inc.
2958,Handsome Dan Enterprises Inc.
2959,Handsome Dan Enterprises Inc.
2960,Aleah
2961,Lorna
2962,Ryan
2963,Leslie
2964,Laura Dawn
2965,Cameo
2966,Mengqi
2967,Donna
2968,Solo Suites
2969,Kevin
2970,Deidre
2971,Adeola
2972,Elite Vacation Homes
2973,Richard
2974,Lori-Ann
2975,Amirali
2976,Emily
2977,Tanya
2978,Cornelia
2979,Carol Ann
2980,Zhen
2981,Diane Carol
2982,Jeffrey William
2983,Katrina
2984,Kevin
2985,Mark
2986,Lilly
2987,Isabella
2988,Burke & Meghan
2989,Sarah
2990,Abhi And Monika
2991,Susan
2992,Anouscha
2993,Lindi
2994,Ying
2995,Stacey
2996,Kai
2997,Cheryl
2998,Jon
2999,Andrew
3000,Victoria Prime Services
3001,Nicolas John Oxford
3002,John
3003,David
3004,David
3005,Ashley
3006,Salina
3007,Jesus
3008,Elite Vacation Homes
3009,Jacob
3010,Mohammed Rizwan
3011,Trisha
3012,Chad
3013,Melinda
3014,Zi
3015,Zi
3016,Zi
3017,Zi
3018,Zi
3019,Tayler
3020,Christine
3021,Sheila
3022,Tesja
3023,Tbd
3024,Trevor
3025,Deborah
3026,Paula
3027,Otter Shores
3028,Otter Shores
3029,Kenneth
3030,Seung Yeob
3031,Yvonne
3032,Cornelia
3033,Anthony
3034,Pam
3035,Vladislava
3036,J.T.
3037,Madison
3038,Poldis Pastures
3039,Laura Dawn
3040,Jj
3041,Christopher David
3042,Michael
3043,Meena
3044,Ksenia
3045,D'Arcy
3046,Maureen
3047,Luannah
3048,Bill
3049,Lesley
3050,Lillian
3051,Logan
3052,Chelsea Anne
3053,Fiona
3054,Max
3055,Max
3056,Max
3057,Max
3058,Max
3059,Max
3060,Max
3061,Max
3062,Max
3063,Max
3064,Max
3065,Justin
3066,Ana Margarida
3067,Casie
3068,Madeleine
3069,Urania
3070,Luo
3071,Curt
3072,Wendy
3073,Donna
3074,Donna
3075,Gillian
3076,Leah
3077,Cindy Ruixia
3078,Niveditha
3079,Don And Dorota
3080,Carol Ann
3081,Li
3082,Ron
3083,Vanessa
3084,Vanessa
3085,Katherine
3086,Mohammed Rizwan
3087,Emr
3088,Vernon
3089,Luannah
3090,Susan
3091,Don
3092,Hilary
3093,Kaylin
3094,Abde And Jennifer
3095,Evergreen Hospitality
3096,Evergreen Hospitality
3097,Evergreen Hospitality
3098,Evergreen Hospitality
3099,Van An
3100,Akin
3101,Kyle
3102,Port Browning Marina Resort
3103,Port Browning Marina Resort
3104,Jenny
3105,Hiranand
3106,Gulraiz
3107,Susan
3108,Susan
3109,Leah
3110,Darryl
3111,Port Browning Marina Resort
3112,Kristopher
3113,Shelley
3114,Hiranand
3115,Loretta
3116,Jake
3117,Stuart
3118,Laureen
3119,Ashlynn
3120,Otter Shores
3121,Sean
3122,Linda
3123,Laura Dawn
3124,Katie And Cooper
3125,Leo
3126,Joy
3127,Port Browning Marina Resort
3128,Port Browning Marina Resort
3129,Natalia
3130,SookeDreams
3131,Angel
3132,Sharon
3133,Andrea
3134,Lauren
3135,Jean
3136,Katie And Cooper
3137,Chelsey
3138,Janet
3139,Martin
3140,Jean-Sébastien
3141,Jesse
3142,Angel
3143,Manjot
3144,D'Arcy
3145,Sally
3146,Olga
3147,Phoenix
3148,Vera
3149,Xiao
3150,Nikola And Katarina
3151,Corinne
3152,Liza
3153,Nader M A
3154,Melissa
3155,Emr
3156,Jordan And Jordie
3157,Danny
3158,Donovan
3159,Hugo
3160,Elite Vacation Homes
3161,Ben
3162,Raymond Glen
3163,Emr
3164,Patricia
3165,Katharine
3166,Deidre
3167,Michael
3168,Victoria Prime Services
3169,Michael
3170,Cara
3171,Tamara
3172,Steve
3173,Thi Lan
3174,Marion
3175,Swell West
3176,Tanya
3177,Daryl
3178,Alex
3179,Heidi
3180,Heidi
3181,Zheng
3182,Kyle
3183,Anthony
3184,Ben
3185,Kari
3186,Bruce
3187,Liana
3188,Elite Vacation Homes
3189,Jena
3190,Leoz
3191,Pheaven
3192,Jillian Alexandria
3193,Sayeeda
3194,K And K
3195,Holly-Dale
3196,Justin
3197,Holly-Dale
3198,Maxine
3199,Kyle
3200,Maureen
3201,Maureen
3202,Vikas
3203,Susan
3204,Ziwei
3205,Radie
3206,Corinna
3207,Nadia
3208,Garett
3209,Mia
3210,Kim
3211,Thi Hong Hue
3212,Fengzhou
3213,Mike
3214,Ariana
3215,Kyle
3216,Mason
3217,Amal
3218,Theresa
3219,Donna
3220,Paula
3221,Jeff
3222,Ravdeep Singh
3223,Michelle
3224,Kelsey
3225,Sharone
3226,Emma
3227,Yu Shan
3228,Ashley
3229,Sabrina
3230,Rébar
3231,Susan Margaret
3232,Brent
3233,April
3234,Brent
3235,Maureen
3236,Tara
3237,Victoria Prime Services
3238,Charlotte Soleil
3239,Zoe
3240,Stephanie And Mark
3241,Chelsea
3242,Caitlin
3243,Ziwei
3244,Deanna
3245,Mia And David
3246,Lesley
3247,Nick
3248,Lesley
3249,Lesley
3250,Lesley
3251,Deb
3252,Nathan
3253,Craig
3254,Peter
3255,Joshua
3256,Ambre
3257,Tony
3258,Jayesh
3259,Carrie
3260,Maureen
3261,Elite Vacation Homes
3262,Rayael
3263,Lesley
3264,Lesley
3265,Bradley
3266,Carol Ann
3267,Andrew
3268,Sharon And Patrick
3269,Chris
3270,Shannon
3271,Tasha
3272,Heidi
3273,Monika
3274,Monika
3275,Jean-Sébastien
3276,Brad
3277,Jerry
3278,Johanne
3279,Femke
3280,Dakota
3281,Tuguy
3282,Karan
3283,Westshore
3284,Heena
3285,Frederick
3286,Monika
3287,Don
3288,William
3289,Albert John
3290,Marlisa
3291,Maritza
3292,Garance
3293,Lindsay
3294,Tyler
3295,Sandeep
3296,Mike And Maria
3297,John
3298,Susanne
3299,Kieren
3300,Charlie & Émilie
3301,Marianne
3302,Graham
3303,Michelle
3304,Kimberley
3305,Busola
3306,Jessica
3307,Rob
3308,Elizabeth
3309,John
3310,Shelley
3311,Jacqueline
3312,Dan
3313,Margaret
3314,Vicky
3315,Katie And Cooper
3316,Jon And Nicole
3317,Maureen
3318,Sarah
3319,Coralie
3320,Don
3321,Don
3322,Don
3323,Min Biao
3324,Susanne
3325,Meela
3326,Leah
3327,Driftwood Village
3328,Debpratik
3329,Don
3330,Stacey
3331,Jen
3332,Nancy
3333,Holly
3334,Valentina & Richard
3335,Matthew
3336,Justin
3337,Mary P
3338,Bedford Regency
3339,Jodi
3340,Maoz
3341,Rob&Jen
3342,Donna
3343,Carla
3344,Irina
3345,Matthew
3346,Jasmine
3347,Deidre
3348,Ellen
3349,Van
3350,Patrick
3351,Vera
3352,Peter
3353,Darryl
3354,Laura Dawn
3355,Laura Dawn
3356,Wendy
3357,Pamela
3358,Jessica
3359,Cecile
3360,Victoria Prime Services
3361,Rebecca
3362,Iqbal
3363,Brandi
3364,Joseph
3365,Kory
3366,Joseph
3367,Tina
3368,Iqbal
3369,Erwin
3370,Rosemarie
3371,Kimberly
3372,Chantale
3373,Bella
3374,Judy
3375,Willis
3376,Jason
3377,Leslie
3378,Asta
3379,Salena
3380,Mara
3381,Steven
3382,Meghan
3383,Emily
3384,Michael
3385,Alison
3386,Sheri
3387,Sandeep
3388,Kelly
3389,Alexandra Grace
3390,Myles And Jessica
3391,Ryan Matthew
3392,Elite Vacation Homes
3393,Debra
3394,Muhammed
3395,Cheryl
3396,Nolan
3397,Amanda
3398,Deidre
3399,Handsome Dan Enterprises Inc.
3400,Luc
3401,Lisa
3402,Heidi
3403,Michelle
3404,Sonja
3405,Handsome Dan Enterprises Inc.
3406,Deep
3407,Tera
3408,Amanda
3409,Jason
3410,Candice & JS
3411,Handsome Dan Enterprises Inc.
3412,Quinn
3413,Susannah
3414,Jessica
3415,Chelsey
3416,Jessica
3417,Sharalene Denise
3418,Amrinder
3419,Victoria Prime Services
3420,Victoria Prime Services
3421,Fred
3422,Shannyn
3423,Brianna
3424,Jasmine
3425,Varun
3426,Joslin
3427,Lisa
3428,Lenka
3429,Rayyann
3430,Lindsey
3431,Deidre
3432,Liu
3433,Becky
3434,True Key
3435,True Key
3436,Kimberly
3437,True Key
3438,True Key
3439,Jitka
3440,Carol Ann
3441,Monika
3442,James
3443,Robin
3444,Cassandra
3445,Daisy
3446,Austin
3447,Anne
3448,Nina
3449,Heather
3450,Holli
3451,Jody
3452,Liz
3453,Helen Kathleen
3454,Tania
3455,Deidre
3456,Dustin
3457,Anita
3458,Mary
3459,Wenguang
3460,Nir
3461,Kristen
3462,Xinhong
3463,Madison
3464,Gary
3465,Gary
3466,Paleah
3467,Michael
3468,Jennifer And Jeff
3469,April
3470,Peter
3471,Catherine
3472,Jake
3473,Theone
3474,Heidi
3475,Emily
3476,Pamela
3477,Gurpreit Kaur
3478,Naeem
3479,Elizabeth Wendy
3480,Colin
3481,Tirth
3482,Emilia
3483,Tongqi
3484,Sue
3485,Darshni
3486,Anne
3487,Trinita
3488,Britta
3489,Bikramjit
3490,Sandra
3491,Allyson
3492,Amanda
3493,Angel
3494,Sean
3495,Alexander
3496,Alison
3497,Ravina
3498,Fanny
3499,Phoenix
3500,Sharon
3501,Geoffrey Douglas
3502,Rebecca
3503,Amanda
3504,Gurpreit Kaur
3505,Carlie
3506,Jana
3507,Laura
3508,Mike
3509,Jessie
3510,Christopher
3511,Adam
3512,Marlene Marith
3513,Wayne
3514,Zeeshan
3515,Victoria Prime Services
3516,Nicole
3517,Thomas
3518,Carol Ann
3519,Melanie
3520,Emr
3521,Ashley
3522,Ashley
3523,Don
3524,Dong
3525,Dustin
3526,Sam
3527,Jordan
3528,Jordan
3529,James
3530,Don
3531,Ruifang
3532,Ria
3533,Sarah
3534,Lori
3535,Malcolm
3536,Don
3537,Benjamin
3538,Herbert
3539,Jonathan
3540,Hiranand
3541,Courtney
3542,Ozra
3543,Sophia
3544,Luke
3545,Victoria Prime Services
3546,Sophie
3547,Henson
3548,Michelle
3549,Sarah
3550,Sandeep
3551,Lisa
3552,Shoutong
3553,Shoutong
3554,Celina
3555,Sean
3556,Davinder Kaur
3557,Gunsic
3558,Josli
3559,Ashley
3560,Sidney
3561,Can Sheng
3562,Can Sheng
3563,Can Sheng
3564,Can Sheng
3565,Can Sheng
3566,May
3567,Adam
3568,My
3569,Laura Dawn
3570,Christine
3571,Peter
3572,Reayane
3573,Justin
3574,Lisa
3575,Nadia
3576,Anh Hoa
3577,James
3578,Karen
3579,Garrett
3580,Evangelique
3581,Gaven
3582,Joel
3583,Asia
3584,Jian Ping
3585,Andrew
3586,Victoria
3587,Victoria
3588,Jennifer
3589,Bernadette
3590,Miguel
3591,Elena
3592,Jennifer
3593,Alex
3594,Lily
3595,Barbara
3596,Victoria Executive Rental
3597,Zhaoqiang
3598,Roxana
3599,Karan
3600,Jashanreet
3601,Beatrix
3602,Karan
3603,Michelle
3604,Clare
3605,James
3606,Eva
3607,Eva
3608,Elite Vacation Homes
3609,Sarah
3610,Bergson
3611,Katrina
3612,Melissa
3613,Miguel
3614,Hannah
3615,Miguel
3616,Handsome Dan Enterprises Inc.
3617,Handsome Dan Enterprises Inc.
3618,Britton
3619,Yana
3620,Soressa & Dennis
3621,Chaithanya Kumar
3622,Jianguang
3623,Jianguang
3624,Jianguang
3625,Renita
3626,Handsome Dan Enterprises Inc.
3627,Dany
3628,Nuong
3629,Darba
3630,Heidi
3631,Dana
3632,Alastair
3633,Jason
3634,Don
3635,Lance
3636,Olena
3637,Alexandre
3638,Peter
3639,Abbie
3640,Jamie
3641,True Key
3642,Diane Elizabeth
3643,Emily
3644,Jane
3645,Lin
3646,Ashley
3647,Caron
3648,Alexander
3649,Carla
3650,Sarah
3651,Tristesse
3652,Jorge
3653,Emr
3654,Deborah
3655,Jordan
3656,Neil And Shandell
3657,Cory
3658,Sandra
3659,Stephanie
3660,Olena
3661,Alexandra
3662,Bridget
3663,Lola Wale
3664,Handsfree Property
3665,Fatbardh
3666,Razelle
3667,Miguel
3668,Shivdev
3669,Peter
3670,Simone
3671,Nicole
3672,Lynette
3673,Ashley
3674,Deidre
3675,Stacyanne
3676,Charlene
3677,Elisa
3678,Liliane
3679,Elite Vacation Homes
3680,Veenu
3681,Rebecca
3682,Stacey
3683,Hannah And Brian
3684,Paramjot Kaur
3685,Brad
3686,Lisa
3687,Michael
3688,Angela
3689,Dylan
3690,Kayla
3691,Angela Heather Mary
3692,Shannon
3693,Deidre
3694,Michael
3695,Catherine
3696,Mandeep
3697,Lisa
3698,Lisa
3699,Mike
3700,Terri
3701,Tressa
3702,Malveen
3703,Jatin
3704,Britton
3705,Daisy
3706,Henson
3707,Sydney
3708,Steve
3709,Ellen
3710,Jordan
3711,Sheryl
3712,Abigail
3713,Elite Vacation Homes
3714,Deborah
3715,John
3716,Kirsten
3717,Sylvie
3718,Taylor
3719,Brittany
3720,Jonathan Greggor
3721,Lisa
3722,Nicole
3723,Vittorio
3724,Jeannie
3725,Anita
3726,Patrick
3727,Fiona
3728,Patrick
3729,Patrick
3730,Miguel
3731,Samuel
3732,Todd
3733,Lorraine
3734,Elite Vacation Homes
3735,Ashley
3736,Syamkumar
3737,Brendan
3738,Michell
3739,Shannon
3740,Catherine Maria
3741,Elham
3742,Janine June
3743,Ashley
3744,Laura Dawn
3745,Deidre
3746,Hardeen Roman
3747,Elite Vacation Homes
3748,Joann Marquez
3749,Alex
3750,Liliane
3751,Jenny And Curtis
3752,Bryan
3753,Deidre
3754,Deidre
3755,Deidre
3756,Kelly
3757,Handsome Dan Enterprises Inc.
3758,Joseph
3759,Brian
3760,麦姐
3761,Sarah
3762,Connie
3763,Téa
3764,Joel
3765,Erin
3766,Alexander
3767,Elite Vacation Homes
3768,Victoria Prime Services
3769,Nicolas
3770,Jan
3771,Deidre
3772,Linda
3773,Donna Lynn
3774,Sahara
3775,Matt
3776,Simrin
3777,Meil
3778,Susanna
3779,Christa
3780,Colleen
3781,Alexander
3782,Henson
3783,Christopher
3784,Alison
3785,Elite Vacation Homes
3786,Saif
3787,Yilin
3788,Elvira
3789,Gloria & Mark
3790,Gang
3791,Anna
3792,Minhui
3793,Jasmine
3794,Ardalan
3795,Luis Raul
3796,Dawn
3797,Dave
3798,Andriy
3799,Henson
3800,Holly
3801,Samantha
3802,Michelle
3803,Jessica
3804,Scott
3805,Victoria Prime Services
3806,James
3807,Rose
3808,Ian
3809,Troy
3810,Kyle
3811,Lesley
3812,Marlese
3813,Justin
3814,Marlese
3815,Holly-Dale
3816,Fiona
3817,David
3818,Cale
3819,Anastasios
3820,Heidi
3821,Lourdu
3822,Stacey
3823,Josee Lucille
3824,Leslie
3825,Josephine
3826,Anna
3827,Naga
3828,Celina
3829,Syamkumar
3830,Rutendo
3831,Heidi
3832,Sawanpreet
3833,Byrona
3834,Corinne
3835,Sunny
3836,Ellise
3837,Brigitte
3838,Atul
3839,Julie
3840,Tiffiny
3841,Tiffiny
3842,Tiffiny
3843,Tiffiny
3844,Tiffiny
3845,Bradley
3846,Laura
3847,Natasha
3848,Christopher
3849,Don
3850,Mark
3851,Nadia
3852,Jake
3853,Orion
3854,Dylan
3855,Penthouse Victoria
3856,Shelley Raye
3857,Mark
3858,Akhilesh
3859,Victoria Prime Services
3860,Patrick
3861,Stephanie
3862,Joshua
3863,Alexis
3864,Deidre
3865,Deidre
3866,Deidre
3867,Laura Dawn
3868,Victoria Prime Services
3869,Daniel
3870,Sarah
3871,Keltie
3872,Holly-Dale
3873,Kevan
3874,Jose Angel
3875,Sina
3876,Erika
3877,Estate Hosts
3878,Elite Vacation Homes
3879,Henson
3880,Thomas
3881,Ying
3882,Nghi
3883,Michelle
3884,Jeffery Scott
3885,Dimitri
3886,Elite Vacation Homes
3887,Josee Lucille
3888,Don
3889,Odete
3890,Jonathan
3891,Elizabeth
3892,Ying
3893,Gia Nghi
3894,Justin
3895,Tessara
3896,Daniel
3897,Daniel Bryan
3898,Melanie
3899,Daniel Bryan
3900,Annette
3901,Deidre
3902,Niamh
3903,Peter
3904,Michael
3905,Mohammad
3906,Alexis
3907,Elite Vacation Homes
3908,Qian
3909,Syamkumar
3910,Evan
3911,Michelle
3912,Ruifang
3913,Buddi
3914,Dani
3915,Ty
3916,IRIS Properties
3917,Deidre
3918,David
3919,Shelby
3920,Qian
3921,Joshua
3922,Sunil
3923,Sunil
3924,Keaton
3925,Michael
3926,Victoria Prime Services
3927,Joslin
3928,Benjamin
3929,Subhash Chandra
3930,Robert
3931,Harish
3932,Rachel
3933,John Daniel
3934,Robin
3935,Douglas
3936,Aaron
3937,Jennifer
3938,Anvita
3939,Thomas
3940,Evergreen Hospitality
3941,Evergreen Hospitality
3942,Evergreen Hospitality
3943,Evergreen Hospitality
3944,Tony
3945,Stacey
3946,Swell West
3947,Charlotte Jane
3948,Majachani
3949,Troy
3950,Elite Vacation Homes
